kind,index,lambda_coh,omega_mode,omega_resp,in_unit_interval,mode_ge_resp
dephasing_profile,0,5.676182333630764,0.6776669537093982,0.43637520467724483,True,True
dephasing_profile,1,7.678683385499152,0.6299367645065836,0.415266258710862,True,True
dephasing_profile,2,7.1668038162951975,0.7700275210064976,0.3553431008372673,True,True
dephasing_profile,3,5.895927387079336,0.9849269360048026,0.5238267648849804,True,True
dephasing_profile,4,5.287454238067202,0.5882723579798445,0.2860120782916594,True,True
dephasing_profile,5,5.172053249179132,0.821488119622583,0.5699486857161808,True,True
dephasing_profile,6,7.001718707846827,0.4390942010871947,0.1786222017314493,True,True
dephasing_profile,7,5.6778437143684135,0.6173309304632877,0.3756206872564482,True,True
dephasing_profile,8,5.5030895741481345,0.7216522935230304,0.5083358093984262,True,True
dephasing_profile,9,7.719604411373093,0.41450569583041913,0.36732425801253965,True,True
dephasing_profile,10,5.815545995795368,0.7515640055579459,0.36118687035362457,True,True
dephasing_profile,11,5.362815416305233,0.8496501722768142,0.5730942885106614,True,True
dephasing_profile,12,6.775934478688628,0.532138832549838,0.37574116857847656,True,True
dephasing_profile,13,6.020322683068846,0.6079403083972377,0.21619990135122277,True,True
dephasing_profile,14,6.8266899090232425,0.6078344987275973,0.2997497167059611,True,True
dephasing_profile,15,6.473397995005237,0.5842420351032547,0.4699320687943137,True,True
dephasing_profile,16,5.656112073649133,0.6750525254421734,0.45092280826607156,True,True
dephasing_profile,17,6.148261576211289,0.3095418863985281,0.2744806569833975,True,True
dephasing_profile,18,6.228278629502038,0.8351480674334908,0.5797194092154407,True,True
dephasing_profile,19,6.685093732934577,0.45606217137849114,0.20736673685377838,True,True
dephasing_profile,20,6.040409472652719,0.613137236162221,0.439286252990077,True,True
dephasing_profile,21,5.059124650854896,0.8591309282232237,0.5007650820829804,True,True
dephasing_profile,22,6.139896075830209,0.8250573964050948,0.3703078833974513,True,True
dephasing_profile,23,6.53274295727968,0.2900647064296624,0.2407622404883332,True,True
dephasing_profile,24,6.335617583441588,0.6396142652708702,0.6666666666666692,True,False
dephasing_profile,25,5.247780461574814,0.7735336330796028,0.30096944388668867,True,True
dephasing_profile,26,6.856660072525944,0.7873895274431575,0.39169924105026116,True,True
dephasing_profile,27,4.695849790332662,0.935296435624979,0.6660885438047168,True,True
dephasing_profile,28,6.367755094294325,0.7701910442497851,0.4530653312247855,True,True
dephasing_profile,29,6.408695234454864,0.7086212635016648,0.30241241879402514,True,True
dephasing_profile,30,7.885772986014228,0.3852036423795167,0.25257419403064935,True,True
dephasing_profile,31,6.121973587581264,0.469838490511839,0.5024481651709871,True,False
dephasing_profile,32,5.741551785973131,0.5950860190025444,0.4412215417194277,True,True
dephasing_profile,33,7.25276703417399,0.5327202124080439,0.4095050334859883,True,True
dephasing_profile,34,6.362391202975881,0.41154017503095963,0.3462398458837503,True,True
dephasing_profile,35,6.721897543177202,0.5717108646536063,0.29067634584582364,True,True
dephasing_profile,36,6.5224614041913265,0.6965485922880712,0.5241401028224744,True,True
dephasing_profile,37,4.965667812071639,0.9231023876725508,0.6244102352848575,True,True
dephasing_profile,38,6.443772866530972,0.6438128196017638,0.5121419178568474,True,True
dephasing_profile,39,5.90003165780717,0.5558778686773311,0.4995694665815882,True,True
dephasing_profile,40,5.822610437546283,0.5740444545807617,0.4208061646554255,True,True
dephasing_profile,41,5.37223410119958,0.8578337748127782,0.6185517373973779,True,True
dephasing_profile,42,6.860489940014425,0.6414539007780459,0.26886197648779814,True,True
dephasing_profile,43,6.6075207385237755,0.6259720474380657,0.6666666666666683,True,False
dephasing_profile,44,6.298819072755535,0.6846545039726006,0.4720025982987363,True,True
dephasing_profile,45,6.509500652218336,0.4912698521849738,0.26908290112991606,True,True
dephasing_profile,46,5.2805087957950025,0.5984613571628331,0.42705433905223905,True,True
dephasing_profile,47,5.956431216656455,0.8332690965112739,0.37802802490360954,True,True
dephasing_profile,48,4.867609599545353,0.8453888931215565,0.5607137480541429,True,True
dephasing_profile,49,7.500150389115778,0.4541937409047615,0.4475542168743439,True,True
dephasing_profile,50,6.407125983020068,0.48006480744693086,0.34738116655880436,True,True
dephasing_profile,51,5.834323026826294,0.6443209773322726,0.4348853202072615,True,True
dephasing_profile,52,6.392292471281702,0.4131517883120336,0.2573479810656643,True,True
dephasing_profile,53,5.647982414850428,0.5380031297937778,0.5184627672363429,True,True
dephasing_profile,54,6.1481375444822906,0.6380079259989869,0.38667585605144555,True,True
dephasing_profile,55,7.01150767072567,0.6978324089695012,0.6666666666666632,True,True
dephasing_profile,56,6.400915912300742,0.9162759121907295,0.6614771091746434,True,True
dephasing_profile,57,7.687216564099542,0.37771354339352725,0.2154622860959977,True,True
dephasing_profile,58,6.736003072813301,0.794409508105085,0.35834785426525206,True,True
dephasing_profile,59,6.744842197536127,0.8109628534905506,0.6056167373087362,True,True
dephasing_profile,60,5.589202772755542,0.9093677325696436,0.4732930081045954,True,True
dephasing_profile,61,6.6916415688497155,0.7028324704166082,0.36624171222218066,True,True
dephasing_profile,62,6.135413048108718,0.8885002357938044,0.4469610187089861,True,True
dephasing_profile,63,5.21026922225909,0.46543513527836355,0.4358958913002475,True,True
dephasing_profile,64,6.021380787780695,0.6330502306476399,0.4347975445691282,True,True
dephasing_profile,65,5.788280289865555,0.8531444329222473,0.5486616267732698,True,True
dephasing_profile,66,5.441745532699049,0.729873460046604,0.5757289318882677,True,True
dephasing_profile,67,6.364866604370301,0.453699587649626,0.33744380562147225,True,True
dephasing_profile,68,7.884878681724716,0.769679705958827,0.4370662965428716,True,True
dephasing_profile,69,6.880110048357424,0.7224284613551291,0.39337590359894187,True,True
dephasing_profile,70,6.506164175613005,0.8909231923481562,0.4283145944575013,True,True
dephasing_profile,71,5.642803869310042,0.835222399210753,0.6263809334902722,True,True
dephasing_profile,72,6.691429527048931,0.42576768180246155,0.3072358365759739,True,True
dephasing_profile,73,5.873760389551785,0.5978926630619518,0.3336766858482167,True,True
dephasing_profile,74,5.953441002558124,0.6083146293789762,0.3317531850396279,True,True
dephasing_profile,75,6.348955410266588,0.556493044123699,0.3217366675114351,True,True
dephasing_profile,76,6.123464125850742,0.873476132021377,0.6171540500193377,True,True
dephasing_profile,77,5.552055881902773,0.8440015458175968,0.4577143613457957,True,True
dephasing_profile,78,6.155489121552504,0.5935258388454032,0.567665102792,True,True
dephasing_profile,79,6.499698904448015,0.4796931715707314,0.3954665506313063,True,True
dephasing_profile,80,6.3345152179429265,0.7602030348722679,0.37533831507362597,True,True
dephasing_profile,81,5.866738400844063,0.6234943875408303,0.37946238918504377,True,True
dephasing_profile,82,6.935631086707583,0.7384948558926894,0.4113679948978152,True,True
dephasing_profile,83,5.378043573493585,0.6135336892311202,0.28785739692939394,True,True
dephasing_profile,84,7.121568435954018,0.5956728752515598,0.537275007390534,True,True
dephasing_profile,85,7.284314435504147,0.6791401466874021,0.46673524901614094,True,True
dephasing_profile,86,6.6704315541430415,0.45951582254196705,0.4024620764961683,True,True
dephasing_profile,87,7.2016168869890596,0.6105792433311332,0.38689844721331673,True,True
dephasing_profile,88,6.06603357639568,0.36550684863228894,0.2529659303698368,True,True
dephasing_profile,89,7.218665415241743,0.7777618976775285,0.32986436711595857,True,True
dephasing_profile,90,7.535059012161671,0.35751983896723943,0.423985972071625,True,False
dephasing_profile,91,8.398699685093991,0.5928206062588999,0.3340639943243106,True,True
dephasing_profile,92,6.1093733127820515,0.6777324933429216,0.33943553687521416,True,True
dephasing_profile,93,6.409008735894117,0.7093047171114031,0.3530176639280563,True,True
dephasing_profile,94,5.101399666283313,0.760131953089065,0.42029605806415743,True,True
dephasing_profile,95,5.509186696667445,0.49519755776460406,0.3321828784058319,True,True
dephasing_profile,96,6.164357798839504,0.6364885119664812,0.2929942331657041,True,True
dephasing_profile,97,5.5083262248535325,0.6036792180961829,0.556948549982776,True,True
dephasing_profile,98,7.8436002812730665,0.503988431858236,0.5048227826646363,True,False
dephasing_profile,99,6.011025253466307,0.6561254878100609,0.6119168844524455,True,True
dephasing_profile,100,5.6284875144327895,0.84675824143705,0.6382539701685648,True,True
dephasing_profile,101,7.027765027973865,0.7951682407907144,0.28877463194856806,True,True
dephasing_profile,102,7.408094600469095,0.2541462973713186,0.27195145743215865,True,False
dephasing_profile,103,8.053867302391104,0.806814161422793,0.6666666666666871,True,True
dephasing_profile,104,6.863413946694874,0.6662301854753849,0.4421198607369519,True,True
dephasing_profile,105,6.441576886466849,0.8465971177675724,0.6666666666666773,True,True
dephasing_profile,106,5.45126519502126,0.985156630406232,0.40510828676350197,True,True
dephasing_profile,107,7.472370601279255,0.7495819013837203,0.45673026019027424,True,True
dephasing_profile,108,5.616571117115554,0.6411536569699324,0.39969048860711043,True,True
dephasing_profile,109,7.326113315466398,0.5047423691155412,0.19992297883992885,True,True
dephasing_profile,110,6.154409493381086,0.7487533193097826,0.28261498793137213,True,True
dephasing_profile,111,7.971518722379556,0.6303807546088301,0.4257514883752691,True,True
dephasing_profile,112,5.948728002866943,0.6130066987508817,0.39261486770189197,True,True
dephasing_profile,113,5.363250762435712,0.7192830676377835,0.43089075623763984,True,True
dephasing_profile,114,6.049307048932362,0.8253623108067828,0.6354549892819679,True,True
dephasing_profile,115,6.1140774818181365,0.6374723456491808,0.5182382566958684,True,True
dephasing_profile,116,6.943599640574671,0.8096240816603493,0.3336570061432842,True,True
dephasing_profile,117,6.583829346149317,0.6928753283876105,0.6622938185626601,True,True
dephasing_profile,118,6.381826390323475,0.41032033054694883,0.3798220309059183,True,True
dephasing_profile,119,7.0228255402988715,0.930553644264108,0.512750648466444,True,True
dephasing_profile,120,6.3701119015878716,0.5583902607641126,0.3820285866962811,True,True
dephasing_profile,121,6.517292671290975,0.4163697416994694,0.4027829109211276,True,True
dephasing_profile,122,7.060059100559735,0.6311509517690048,0.2648579824046526,True,True
dephasing_profile,123,7.350539286642532,0.501736717341797,0.31919070433322155,True,True
dephasing_profile,124,5.504636571489807,0.8263295268160556,0.6005770544834508,True,True
dephasing_profile,125,5.6800625021850015,0.8124812280160514,0.4090830670815308,True,True
dephasing_profile,126,8.023266029935083,0.28113158664635635,0.2597236120431686,True,True
dephasing_profile,127,5.817903950846803,0.7322705994358032,0.2175035958643209,True,True
dephasing_profile,128,7.011070716430368,0.7444664692981464,0.538130788328589,True,True
dephasing_profile,129,6.185414972740388,0.5785674243030435,0.2233891722663326,True,True
dephasing_profile,130,7.0585874986934805,0.5137974641103102,0.25660071266912166,True,True
dephasing_profile,131,5.726099813450181,0.7607322633440609,0.45926638717808704,True,True
dephasing_profile,132,5.320641222223754,0.8038335493021944,0.46409399360505016,True,True
dephasing_profile,133,5.794742694897437,0.689505516956054,0.49605245520199664,True,True
dephasing_profile,134,6.983385808612241,0.5754099310507498,0.27901837744225405,True,True
dephasing_profile,135,6.553142575392523,0.5554164991160048,0.23503549525450382,True,True
dephasing_profile,136,6.311753090573968,0.5503832010171599,0.25404886949389066,True,True
dephasing_profile,137,5.895191634198271,0.6090111730289005,0.5323150141161741,True,True
dephasing_profile,138,7.063657685762448,0.42663443610327684,0.2893103431789843,True,True
dephasing_profile,139,6.481876279321841,0.5887343941298308,0.17994612905038135,True,True
dephasing_profile,140,6.524257502241171,0.5548726564575591,0.3502569533322616,True,True
dephasing_profile,141,5.442192787448619,0.8937940124217036,0.4364426326136711,True,True
dephasing_profile,142,6.651579469410085,0.3899675048582343,0.18263986075219354,True,True
dephasing_profile,143,6.48879372826594,0.4727203359538868,0.29609113805846937,True,True
dephasing_profile,144,7.665389496390729,0.41840790289950547,0.13858468627809944,True,True
dephasing_profile,145,5.845044554484979,0.5029094220155506,0.4156261662141106,True,True
dephasing_profile,146,5.931579156061129,0.6651935329935024,0.5757136874558707,True,True
dephasing_profile,147,6.068263536399332,0.419688920848654,0.371831517685222,True,True
dephasing_profile,148,6.486546907323532,0.5358060999259059,0.18834942690999004,True,True
dephasing_profile,149,5.925791536534497,0.8129872619218632,0.5817107835770857,True,True
zz_edge_set,0,5.9880080000001,0.13039359005706544,0.44488918518478693,True,False
zz_edge_set,1,3.9960000000001106,0.17693016002771192,0.33366700033365454,True,False
zz_edge_set,2,3.9960000000001106,0.35350645973537786,0.6666666666666556,True,False
zz_edge_set,3,7.976031984000098,0.34065223270477407,0.33400066666533035,True,True
zz_edge_set,4,7.976031984000098,0.41970787416303657,0.3340006666653303,True,True
zz_edge_set,5,3.9960000000001106,0.5033726637063954,0.33366700033365454,True,True
zz_edge_set,6,7.976031984000098,0.6525783738629453,0.1671675008334954,True,True
zz_edge_set,7,2.0000000000000018,0.31654005645898475,3.363361700769233e-16,True,True
zz_edge_set,8,7.976031984000098,0.41045991894428757,0.16716750083349516,True,True
zz_edge_set,9,3.9960000000001106,0.018501703341537615,0.3336670003336547,True,False
zz_edge_set,10,5.9880080000001,0.4290878219666957,4.490909989154019e-16,True,True
zz_edge_set,11,7.976031984000098,0.41045991894428757,0.16716750083349524,True,True
zz_edge_set,12,2.0000000000000018,0.036966403276393146,0.6666666666666596,True,False
zz_edge_set,13,3.9960000000001106,0.661484263479206,0.33366700033365454,True,True
zz_edge_set,14,7.976031984000098,0.33140427748602513,0.16716750083349516,True,True
zz_edge_set,15,7.976031984000098,0.34065223270477407,0.3340006666653303,True,True
zz_edge_set,16,7.976031984000098,0.5736808436875989,0.1671675008334954,True,True
zz_edge_set,17,7.976031984000098,0.41045991894428757,0.1671675008334954,True,True
zz_edge_set,18,7.976031984000098,0.6618234569242442,0.33400066666533035,True,True
zz_edge_set,19,7.976031984000098,0.5736808436875989,0.16716750083349544,True,True
zz_edge_set,20,2.0000000000000018,0.9687836789735114,3.363361700769233e-16,True,True
zz_edge_set,21,3.9960000000001106,0.6429883159757561,5.094490126143915e-16,True,True
zz_edge_set,22,3.9960000000001106,0.3350417598005224,0.3336670003336547,True,True
zz_edge_set,23,3.9960000000001106,0.1584284566861743,3.366728429198342e-16,True,True
zz_edge_set,24,7.976031984000098,0.33140427748602513,0.1671675008334954,True,True
zz_edge_set,25,7.976031984000098,0.41970787416303657,0.3340006666653305,True,True
zz_edge_set,26,5.9880080000001,0.10572466050779482,3.399725341728219e-16,True,True
zz_edge_set,27,2.0000000000000018,0.9687836789735114,3.363361700769233e-16,True,True
zz_edge_set,28,3.9960000000001106,0.018501703341537615,0.3336670003336547,True,False
zz_edge_set,29,5.9880080000001,0.23590680124385027,0.4448891851847868,True,False
zz_edge_set,30,7.976031984000098,0.5829259267488979,0.3340006666653303,True,True
zz_edge_set,31,7.976031984000098,0.5736808436875989,0.16716750083349544,True,True
zz_edge_set,32,7.976031984000098,0.33140427748602513,0.16716750083349544,True,True
zz_edge_set,33,3.9960000000001106,0.48487671620294565,3.366728429198342e-16,True,True
zz_edge_set,34,2.0000000000000018,2.9267443326820273e-34,3.363361700769233e-16,True,True
zz_edge_set,35,3.9960000000001106,0.48487671620294565,3.366728429198342e-16,True,True
zz_edge_set,36,7.976031984000098,0.34065223270477407,0.33400066666533035,True,True
zz_edge_set,37,5.9880080000001,0.118071472094016,0.22266725985224126,True,False
zz_edge_set,38,2.0000000000000018,2.9267443326820273e-34,3.363361700769233e-16,True,True
zz_edge_set,39,3.9960000000001106,0.018501703341537615,0.3336670003336547,True,False
zz_edge_set,40,5.9880080000001,0.23590680124385027,0.4448891851847868,True,False
zz_edge_set,41,7.976031984000098,0.5829259267488979,0.3340006666653305,True,True
zz_edge_set,42,7.976031984000098,0.3221377892908862,3.781155366724235e-16,True,True
zz_edge_set,43,2.0000000000000018,0.35350645973537786,0.6666666666666596,True,False
zz_edge_set,44,5.9880080000001,0.4290878219666957,3.399725341728219e-16,True,True
zz_edge_set,45,5.9880080000001,0.44143079248774153,0.22266725985224126,True,True
zz_edge_set,46,5.9880080000001,0.23590680124385027,0.44488918518478715,True,False
zz_edge_set,47,7.976031984000098,0.6525783738629453,0.16716750083349516,True,True
zz_edge_set,48,7.976031984000098,0.6525783738629453,0.16716750083349524,True,True
zz_edge_set,49,7.976031984000098,0.5736808436875989,0.16716750083349524,True,True
