channel,a,b,rate_numeric,rate_analytic
amp_damp,1,2,0.9999999999998899,1.0
amp_damp,1,4,0.9999999999998899,1.0
amp_damp,1,8,0.9999999999998899,1.0
amp_damp,1,16,0.9999999999998899,1.0
amp_damp,1,32,0.9999999999998899,1.0
amp_damp,1,64,0.9999999999998899,1.0
amp_damp,1,128,0.9999999999998899,1.0
amp_damp,2,1,0.9999999999998899,1.0
amp_damp,2,4,0.9999999999998899,1.0
amp_damp,2,8,0.9999999999998899,1.0
amp_damp,2,16,0.9999999999998899,1.0
amp_damp,2,32,0.9999999999998899,1.0
amp_damp,2,64,0.9999999999998899,1.0
amp_damp,2,128,0.9999999999998899,1.0
amp_damp,4,1,0.9999999999998899,1.0
amp_damp,4,2,0.9999999999998899,1.0
amp_damp,4,8,0.9999999999998899,1.0
amp_damp,4,16,0.9999999999998899,1.0
amp_damp,4,32,0.9999999999998899,1.0
amp_damp,4,64,0.9999999999998899,1.0
amp_damp,4,128,0.9999999999998899,1.0
amp_damp,8,1,0.9999999999998899,1.0
amp_damp,8,2,0.9999999999998899,1.0
amp_damp,8,4,0.9999999999998899,1.0
amp_damp,8,16,0.9999999999998899,1.0
amp_damp,8,32,0.9999999999998899,1.0
amp_damp,8,64,0.9999999999998899,1.0
amp_damp,8,128,0.9999999999998899,1.0
amp_damp,16,1,0.9999999999998899,1.0
amp_damp,16,2,0.9999999999998899,1.0
amp_damp,16,4,0.9999999999998899,1.0
amp_damp,16,8,0.9999999999998899,1.0
amp_damp,16,32,0.9999999999998899,1.0
amp_damp,16,64,0.9999999999998899,1.0
amp_damp,16,128,0.9999999999998899,1.0
amp_damp,32,1,0.9999999999998899,1.0
amp_damp,32,2,0.9999999999998899,1.0
amp_damp,32,4,0.9999999999998899,1.0
amp_damp,32,8,0.9999999999998899,1.0
amp_damp,32,16,0.9999999999998899,1.0
amp_damp,32,64,0.9999999999998899,1.0
amp_damp,32,128,0.9999999999998899,1.0
amp_damp,64,1,0.9999999999998899,1.0
amp_damp,64,2,0.9999999999998899,1.0
amp_damp,64,4,0.9999999999998899,1.0
amp_damp,64,8,0.9999999999998899,1.0
amp_damp,64,16,0.9999999999998899,1.0
amp_damp,64,32,0.9999999999998899,1.0
amp_damp,64,128,0.9999999999998899,1.0
amp_damp,128,1,0.9999999999998899,1.0
amp_damp,128,2,0.9999999999998899,1.0
amp_damp,128,4,0.9999999999998899,1.0
amp_damp,128,8,0.9999999999998899,1.0
amp_damp,128,16,0.9999999999998899,1.0
amp_damp,128,32,0.9999999999998899,1.0
amp_damp,128,64,0.9999999999998899,1.0
dephase,1,2,3.9959999999992224,4.0
dephase,1,4,3.9959999999992224,4.0
dephase,1,8,3.9959999999992224,4.0
dephase,1,16,3.9959999999992224,4.0
dephase,1,32,3.9959999999992224,4.0
dephase,1,64,3.9959999999992224,4.0
dephase,1,128,3.9959999999992224,4.0
dephase,2,1,3.9959999999992224,4.0
dephase,2,4,3.9959999999993334,4.0
dephase,2,8,3.9959999999993334,4.0
dephase,2,16,3.9959999999993334,4.0
dephase,2,32,3.9959999999993334,4.0
dephase,2,64,3.9959999999993334,4.0
dephase,2,128,3.9959999999993334,4.0
dephase,4,1,3.9959999999992224,4.0
dephase,4,2,3.9959999999993334,4.0
dephase,4,8,3.9959999999994444,4.0
dephase,4,16,3.9959999999994444,4.0
dephase,4,32,3.9959999999994444,4.0
dephase,4,64,3.9959999999994444,4.0
dephase,4,128,3.9959999999994444,4.0
dephase,8,1,3.9959999999992224,4.0
dephase,8,2,3.9959999999993334,4.0
dephase,8,4,3.9959999999994444,4.0
dephase,8,16,3.9959999999995555,4.0
dephase,8,32,3.9959999999995555,4.0
dephase,8,64,3.9959999999995555,4.0
dephase,8,128,3.9959999999995555,4.0
dephase,16,1,3.9959999999992224,4.0
dephase,16,2,3.9959999999993334,4.0
dephase,16,4,3.9959999999994444,4.0
dephase,16,8,3.9959999999995555,4.0
dephase,16,32,3.9959999999996665,4.0
dephase,16,64,3.9959999999996665,4.0
dephase,16,128,3.9959999999996665,4.0
dephase,32,1,3.9959999999992224,4.0
dephase,32,2,3.9959999999993334,4.0
dephase,32,4,3.9959999999994444,4.0
dephase,32,8,3.9959999999995555,4.0
dephase,32,16,3.9959999999996665,4.0
dephase,32,64,3.9959999999997775,4.0
dephase,32,128,3.9959999999997775,4.0
dephase,64,1,3.9959999999992224,4.0
dephase,64,2,3.9959999999993334,4.0
dephase,64,4,3.9959999999994444,4.0
dephase,64,8,3.9959999999995555,4.0
dephase,64,16,3.9959999999996665,4.0
dephase,64,32,3.9959999999997775,4.0
dephase,64,128,3.9959999999998885,4.0
dephase,128,1,3.9959999999992224,4.0
dephase,128,2,3.9959999999993334,4.0
dephase,128,4,3.9959999999994444,4.0
dephase,128,8,3.9959999999995555,4.0
dephase,128,16,3.9959999999996665,4.0
dephase,128,32,3.9959999999997775,4.0
dephase,128,64,3.9959999999998885,4.0
depol,1,2,6.647586339771916,6.666666666666666
depol,1,4,6.647586339771694,6.666666666666666
depol,1,8,6.647586339771694,6.666666666666666
depol,1,16,6.647586339771694,6.666666666666666
depol,1,32,6.647586339771694,6.666666666666666
depol,1,64,6.647586339771694,6.666666666666666
depol,1,128,6.647586339771805,6.666666666666666
depol,2,1,6.647586339771916,6.666666666666666
depol,2,4,6.647586339771805,6.666666666666666
depol,2,8,6.647586339771805,6.666666666666666
depol,2,16,6.647586339771805,6.666666666666666
depol,2,32,6.647586339771805,6.666666666666666
depol,2,64,6.647586339771805,6.666666666666666
depol,2,128,6.647586339771916,6.666666666666666
depol,4,1,6.647586339771694,6.666666666666666
depol,4,2,6.647586339771805,6.666666666666666
depol,4,8,6.647586339771694,6.666666666666666
depol,4,16,6.647586339771694,6.666666666666666
depol,4,32,6.647586339771694,6.666666666666666
depol,4,64,6.647586339771694,6.666666666666666
depol,4,128,6.647586339771805,6.666666666666666
depol,8,1,6.647586339771694,6.666666666666666
depol,8,2,6.647586339771805,6.666666666666666
depol,8,4,6.647586339771694,6.666666666666666
depol,8,16,6.647586339771694,6.666666666666666
depol,8,32,6.647586339771694,6.666666666666666
depol,8,64,6.647586339771694,6.666666666666666
depol,8,128,6.647586339771805,6.666666666666666
depol,16,1,6.647586339771694,6.666666666666666
depol,16,2,6.647586339771805,6.666666666666666
depol,16,4,6.647586339771694,6.666666666666666
depol,16,8,6.647586339771694,6.666666666666666
depol,16,32,6.647586339771694,6.666666666666666
depol,16,64,6.647586339771694,6.666666666666666
depol,16,128,6.647586339771805,6.666666666666666
depol,32,1,6.647586339771694,6.666666666666666
depol,32,2,6.647586339771805,6.666666666666666
depol,32,4,6.647586339771694,6.666666666666666
depol,32,8,6.647586339771694,6.666666666666666
depol,32,16,6.647586339771694,6.666666666666666
depol,32,64,6.647586339771694,6.666666666666666
depol,32,128,6.647586339771805,6.666666666666666
depol,64,1,6.647586339771694,6.666666666666666
depol,64,2,6.647586339771805,6.666666666666666
depol,64,4,6.647586339771694,6.666666666666666
depol,64,8,6.647586339771694,6.666666666666666
depol,64,16,6.647586339771694,6.666666666666666
depol,64,32,6.647586339771694,6.666666666666666
depol,64,128,6.647586339771805,6.666666666666666
depol,128,1,6.647586339771805,6.666666666666666
depol,128,2,6.647586339771916,6.666666666666666
depol,128,4,6.647586339771805,6.666666666666666
depol,128,8,6.647586339771805,6.666666666666666
depol,128,16,6.647586339771805,6.666666666666666
depol,128,32,6.647586339771805,6.666666666666666
depol,128,64,6.647586339771805,6.666666666666666
x_err,1,2,7.972055930055233,8.0
x_err,1,4,7.972055930055233,8.0
x_err,1,8,7.972055930055233,8.0
x_err,1,16,7.972055930055233,8.0
x_err,1,32,7.972055930055233,8.0
x_err,1,64,7.972055930055233,8.0
x_err,1,128,7.972055930055233,8.0
x_err,2,1,7.972055930055233,8.0
x_err,2,4,7.972055930055233,8.0
x_err,2,8,7.972055930055233,8.0
x_err,2,16,7.972055930055233,8.0
x_err,2,32,7.972055930055233,8.0
x_err,2,64,7.972055930055233,8.0
x_err,2,128,7.972055930055233,8.0
x_err,4,1,7.972055930055233,8.0
x_err,4,2,7.972055930055233,8.0
x_err,4,8,7.972055930055233,8.0
x_err,4,16,7.972055930055233,8.0
x_err,4,32,7.972055930055233,8.0
x_err,4,64,7.972055930055233,8.0
x_err,4,128,7.972055930055233,8.0
x_err,8,1,7.972055930055233,8.0
x_err,8,2,7.972055930055233,8.0
x_err,8,4,7.972055930055233,8.0
x_err,8,16,7.972055930055233,8.0
x_err,8,32,7.972055930055233,8.0
x_err,8,64,7.972055930055233,8.0
x_err,8,128,7.972055930055233,8.0
x_err,16,1,7.972055930055233,8.0
x_err,16,2,7.972055930055233,8.0
x_err,16,4,7.972055930055233,8.0
x_err,16,8,7.972055930055233,8.0
x_err,16,32,7.972055930055233,8.0
x_err,16,64,7.972055930055233,8.0
x_err,16,128,7.972055930055233,8.0
x_err,32,1,7.972055930055233,8.0
x_err,32,2,7.972055930055233,8.0
x_err,32,4,7.972055930055233,8.0
x_err,32,8,7.972055930055233,8.0
x_err,32,16,7.972055930055233,8.0
x_err,32,64,7.972055930055233,8.0
x_err,32,128,7.972055930055233,8.0
x_err,64,1,7.972055930055233,8.0
x_err,64,2,7.972055930055233,8.0
x_err,64,4,7.972055930055233,8.0
x_err,64,8,7.972055930055233,8.0
x_err,64,16,7.972055930055233,8.0
x_err,64,32,7.972055930055233,8.0
x_err,64,128,7.972055930055233,8.0
x_err,128,1,7.972055930055233,8.0
x_err,128,2,7.972055930055233,8.0
x_err,128,4,7.972055930055233,8.0
x_err,128,8,7.972055930055233,8.0
x_err,128,16,7.972055930055233,8.0
x_err,128,32,7.972055930055233,8.0
x_err,128,64,7.972055930055233,8.0
biased_pauli,1,2,7.177480147486759,7.2
biased_pauli,1,4,7.177480147486759,7.2
biased_pauli,1,8,7.177480147486759,7.2
biased_pauli,1,16,7.177480147486759,7.2
biased_pauli,1,32,7.177480147486759,7.2
biased_pauli,1,64,7.177480147486648,7.2
biased_pauli,1,128,7.177480147486537,7.2
biased_pauli,2,1,7.177480147486759,7.2
biased_pauli,2,4,7.17748014748687,7.2
biased_pauli,2,8,7.17748014748687,7.2
biased_pauli,2,16,7.17748014748687,7.2
biased_pauli,2,32,7.17748014748687,7.2
biased_pauli,2,64,7.177480147486759,7.2
biased_pauli,2,128,7.177480147486648,7.2
biased_pauli,4,1,7.177480147486759,7.2
biased_pauli,4,2,7.17748014748687,7.2
biased_pauli,4,8,7.177480147486981,7.2
biased_pauli,4,16,7.177480147486981,7.2
biased_pauli,4,32,7.177480147486981,7.2
biased_pauli,4,64,7.17748014748687,7.2
biased_pauli,4,128,7.177480147486759,7.2
biased_pauli,8,1,7.177480147486759,7.2
biased_pauli,8,2,7.17748014748687,7.2
biased_pauli,8,4,7.177480147486981,7.2
biased_pauli,8,16,7.17748014748687,7.2
biased_pauli,8,32,7.17748014748687,7.2
biased_pauli,8,64,7.177480147486759,7.2
biased_pauli,8,128,7.177480147486648,7.2
biased_pauli,16,1,7.177480147486759,7.2
biased_pauli,16,2,7.17748014748687,7.2
biased_pauli,16,4,7.177480147486981,7.2
biased_pauli,16,8,7.17748014748687,7.2
biased_pauli,16,32,7.177480147486981,7.2
biased_pauli,16,64,7.17748014748687,7.2
biased_pauli,16,128,7.177480147486759,7.2
biased_pauli,32,1,7.177480147486759,7.2
biased_pauli,32,2,7.17748014748687,7.2
biased_pauli,32,4,7.177480147486981,7.2
biased_pauli,32,8,7.17748014748687,7.2
biased_pauli,32,16,7.177480147486981,7.2
biased_pauli,32,64,7.17748014748687,7.2
biased_pauli,32,128,7.177480147486759,7.2
biased_pauli,64,1,7.177480147486648,7.2
biased_pauli,64,2,7.177480147486759,7.2
biased_pauli,64,4,7.17748014748687,7.2
biased_pauli,64,8,7.177480147486759,7.2
biased_pauli,64,16,7.17748014748687,7.2
biased_pauli,64,32,7.17748014748687,7.2
biased_pauli,64,128,7.177480147486759,7.2
biased_pauli,128,1,7.177480147486537,7.2
biased_pauli,128,2,7.177480147486648,7.2
biased_pauli,128,4,7.177480147486759,7.2
biased_pauli,128,8,7.177480147486648,7.2
biased_pauli,128,16,7.177480147486759,7.2
biased_pauli,128,32,7.177480147486759,7.2
biased_pauli,128,64,7.177480147486759,7.2
inhom_dephase,1,2,2.2844285714282986,2.2857142857142856
inhom_dephase,1,4,2.569857142856846,2.571428571428571
inhom_dephase,1,8,2.855285714285394,2.857142857142857
inhom_dephase,1,16,3.1407142857140524,3.142857142857143
inhom_dephase,1,32,3.4261428571426,3.4285714285714284
inhom_dephase,1,64,3.7115714285712587,3.7142857142857144
inhom_dephase,1,128,3.996999999999584,4.0
inhom_dephase,2,1,2.2844285714282986,2.2857142857142856
inhom_dephase,2,4,2.8551224489791194,2.8571428571428568
inhom_dephase,2,8,3.1404693877549184,3.142857142857143
inhom_dephase,2,16,3.425816326530162,3.4285714285714284
inhom_dephase,2,32,3.71116326530585,3.714285714285714
inhom_dephase,2,64,3.996510204081205,4.0
inhom_dephase,2,128,4.28185714285656,4.285714285714286
inhom_dephase,4,1,2.569857142856846,2.571428571428571
inhom_dephase,4,2,2.8551224489791194,2.8571428571428568
inhom_dephase,4,8,3.42565306122411,3.428571428571429
inhom_dephase,4,16,3.710918367346494,3.7142857142857144
inhom_dephase,4,32,3.9961836734691003,4.0
inhom_dephase,4,64,4.2814489795913735,4.285714285714286
inhom_dephase,4,128,4.566714285713758,4.571428571428571
inhom_dephase,8,1,2.855285714285394,2.857142857142857
inhom_dephase,8,2,3.1404693877549184,3.142857142857143
inhom_dephase,8,4,3.42565306122411,3.428571428571429
inhom_dephase,8,16,3.996020408162826,4.0
inhom_dephase,8,32,4.281204081632239,4.285714285714286
inhom_dephase,8,64,4.566387755101209,4.571428571428571
inhom_dephase,8,128,4.8515714285708444,4.857142857142858
inhom_dephase,16,1,3.1407142857140524,3.142857142857143
inhom_dephase,16,2,3.425816326530162,3.4285714285714284
inhom_dephase,16,4,3.710918367346494,3.7142857142857144
inhom_dephase,16,8,3.996020408162826,4.0
inhom_dephase,16,32,4.56622448979549,4.571428571428571
inhom_dephase,16,64,4.851326530611821,4.857142857142858
inhom_dephase,16,128,5.136428571428153,5.142857142857142
inhom_dephase,32,1,3.4261428571426,3.4285714285714284
inhom_dephase,32,2,3.71116326530585,3.714285714285714
inhom_dephase,32,4,3.9961836734691003,4.0
inhom_dephase,32,8,4.281204081632239,4.285714285714286
inhom_dephase,32,16,4.56622448979549,4.571428571428571
inhom_dephase,32,64,5.136265306121879,5.142857142857142
inhom_dephase,32,128,5.421285714285129,5.428571428571429
inhom_dephase,64,1,3.7115714285712587,3.7142857142857144
inhom_dephase,64,2,3.996510204081205,4.0
inhom_dephase,64,4,4.2814489795913735,4.285714285714286
inhom_dephase,64,8,4.566387755101209,4.571428571428571
inhom_dephase,64,16,4.851326530611821,4.857142857142858
inhom_dephase,64,32,5.136265306121879,5.142857142857142
inhom_dephase,64,128,5.706142857142105,5.714285714285714
inhom_dephase,128,1,3.996999999999584,4.0
inhom_dephase,128,2,4.28185714285656,4.285714285714286
inhom_dephase,128,4,4.566714285713758,4.571428571428571
inhom_dephase,128,8,4.8515714285708444,4.857142857142858
inhom_dephase,128,16,5.136428571428153,5.142857142857142
inhom_dephase,128,32,5.421285714285129,5.428571428571429
inhom_dephase,128,64,5.706142857142105,5.714285714285714
site_amp_damp,1,2,0.571431123907451,0.5714285714285714
site_amp_damp,1,4,0.6428673535027185,0.6428571428571428
site_amp_damp,1,8,0.7143086898806494,0.7142857142857143
site_amp_damp,1,16,0.7857551341368119,0.7857142857142857
site_amp_damp,1,32,0.8572066873666628,0.8571428571428571
site_amp_damp,1,64,0.9286633506664366,0.9285714285714286
site_amp_damp,1,128,1.0001251251328114,1.0
site_amp_damp,2,1,0.571431123907451,0.5714285714285714
site_amp_damp,2,4,0.7142882671296036,0.7142857142857142
site_amp_damp,2,8,0.785724497819773,0.7857142857142857
site_amp_damp,2,16,0.8571658360230217,0.8571428571428571
site_amp_damp,2,32,0.9286122828349175,0.9285714285714285
site_amp_damp,2,64,1.0000638393515837,1.0
site_amp_damp,2,128,1.0715205066694766,1.0714285714285714
site_amp_damp,4,1,0.6428673535027185,0.6428571428571428
site_amp_damp,4,2,0.7142882671296036,0.7142857142857142
site_amp_damp,4,8,0.8571454103516452,0.8571428571428572
site_amp_damp,4,16,0.9285816421371607,0.9285714285714286
site_amp_damp,4,32,1.000022982166171,1.0
site_amp_damp,4,64,1.0714694315345774,1.0714285714285714
site_amp_damp,4,128,1.1429209913390581,1.1428571428571428
site_amp_damp,8,1,0.7143086898806494,0.7142857142857143
site_amp_damp,8,2,0.785724497819773,0.7857142857142857
site_amp_damp,8,4,0.8571454103516452,0.8571428571428572
site_amp_damp,8,16,1.0000025535740198,1.0
site_amp_damp,8,32,1.0714387864548813,1.0714285714285714
site_amp_damp,8,64,1.1428801283100976,1.1428571428571428
site_amp_damp,8,128,1.2143265802359027,1.2142857142857144
site_amp_damp,16,1,0.7857551341368119,0.7857142857142857
site_amp_damp,16,2,0.8571658360230217,0.8571428571428571
site_amp_damp,16,4,0.9285816421371607,0.9285714285714286
site_amp_damp,16,8,1.0000025535740198,1.0
site_amp_damp,16,32,1.1428596967963944,1.1428571428571428
site_amp_damp,16,64,1.2142959307731571,1.2142857142857144
site_amp_damp,16,128,1.2857372744551343,1.2857142857142856
site_amp_damp,32,1,0.8572066873666628,0.8571428571428571
site_amp_damp,32,2,0.9286122828349175,0.9285714285714285
site_amp_damp,32,4,1.000022982166171,1.0
site_amp_damp,32,8,1.0714387864548813,1.0714285714285714
site_amp_damp,32,16,1.1428596967963944,1.1428571428571428
site_amp_damp,32,64,1.285716840018769,1.2857142857142856
site_amp_damp,32,128,1.357153075091766,1.3571428571428572
site_amp_damp,64,1,0.9286633506664366,0.9285714285714286
site_amp_damp,64,2,1.0000638393515837,1.0
site_amp_damp,64,4,1.0714694315345774,1.0714285714285714
site_amp_damp,64,8,1.1428801283100976,1.1428571428571428
site_amp_damp,64,16,1.2142959307731571,1.2142857142857144
site_amp_damp,64,32,1.285716840018769,1.2857142857142856
site_amp_damp,64,128,1.4285739832412547,1.4285714285714286
site_amp_damp,128,1,1.0001251251328114,1.0
site_amp_damp,128,2,1.0715205066694766,1.0714285714285714
site_amp_damp,128,4,1.1429209913390581,1.1428571428571428
site_amp_damp,128,8,1.2143265802359027,1.2142857142857144
site_amp_damp,128,16,1.2857372744551343,1.2857142857142856
site_amp_damp,128,32,1.357153075091766,1.3571428571428572
site_amp_damp,128,64,1.4285739832412547,1.4285714285714286
corr_dephase,1,2,-0.0,0.0
corr_dephase,1,4,3.9960000000001106,4.0
corr_dephase,1,8,3.9960000000001106,4.0
corr_dephase,1,16,3.9960000000001106,4.0
corr_dephase,1,32,3.9960000000001106,4.0
corr_dephase,1,64,3.9960000000001106,4.0
corr_dephase,1,128,3.9960000000001106,4.0
corr_dephase,2,1,-0.0,0.0
corr_dephase,2,4,3.9960000000001106,4.0
corr_dephase,2,8,3.9960000000001106,4.0
corr_dephase,2,16,3.9960000000001106,4.0
corr_dephase,2,32,3.9960000000001106,4.0
corr_dephase,2,64,3.9960000000001106,4.0
corr_dephase,2,128,3.9960000000001106,4.0
corr_dephase,4,1,3.9960000000001106,4.0
corr_dephase,4,2,3.9960000000001106,4.0
corr_dephase,4,8,-0.0,0.0
corr_dephase,4,16,3.9960000000001106,4.0
corr_dephase,4,32,3.9960000000001106,4.0
corr_dephase,4,64,3.9960000000001106,4.0
corr_dephase,4,128,3.9960000000001106,4.0
corr_dephase,8,1,3.9960000000001106,4.0
corr_dephase,8,2,3.9960000000001106,4.0
corr_dephase,8,4,-0.0,0.0
corr_dephase,8,16,3.9960000000001106,4.0
corr_dephase,8,32,3.9960000000001106,4.0
corr_dephase,8,64,3.9960000000001106,4.0
corr_dephase,8,128,3.9960000000001106,4.0
corr_dephase,16,1,3.9960000000001106,4.0
corr_dephase,16,2,3.9960000000001106,4.0
corr_dephase,16,4,3.9960000000001106,4.0
corr_dephase,16,8,3.9960000000001106,4.0
corr_dephase,16,32,-0.0,0.0
corr_dephase,16,64,3.9960000000001106,4.0
corr_dephase,16,128,3.9960000000001106,4.0
corr_dephase,32,1,3.9960000000001106,4.0
corr_dephase,32,2,3.9960000000001106,4.0
corr_dephase,32,4,3.9960000000001106,4.0
corr_dephase,32,8,3.9960000000001106,4.0
corr_dephase,32,16,-0.0,0.0
corr_dephase,32,64,3.9960000000001106,4.0
corr_dephase,32,128,3.9960000000001106,4.0
corr_dephase,64,1,3.9960000000001106,4.0
corr_dephase,64,2,3.9960000000001106,4.0
corr_dephase,64,4,3.9960000000001106,4.0
corr_dephase,64,8,3.9960000000001106,4.0
corr_dephase,64,16,3.9960000000001106,4.0
corr_dephase,64,32,3.9960000000001106,4.0
corr_dephase,64,128,-0.0,0.0
corr_dephase,128,1,3.9960000000001106,4.0
corr_dephase,128,2,3.9960000000001106,4.0
corr_dephase,128,4,3.9960000000001106,4.0
corr_dephase,128,8,3.9960000000001106,4.0
corr_dephase,128,16,3.9960000000001106,4.0
corr_dephase,128,32,3.9960000000001106,4.0
corr_dephase,128,64,-0.0,0.0
coh_diss_mix,1,2,0.9999999999998899,1.0
coh_diss_mix,1,4,0.9999999999998899,1.0
coh_diss_mix,1,8,0.9999999999998899,1.0
coh_diss_mix,1,16,0.9999999999998899,1.0
coh_diss_mix,1,32,0.9999999999998899,1.0
coh_diss_mix,1,64,0.9999999999998899,1.0
coh_diss_mix,1,128,0.9999999999998899,1.0
coh_diss_mix,2,1,0.9999999999998899,1.0
coh_diss_mix,2,4,0.9999999999998899,1.0
coh_diss_mix,2,8,0.9999999999998899,1.0
coh_diss_mix,2,16,0.9999999999998899,1.0
coh_diss_mix,2,32,0.9999999999998899,1.0
coh_diss_mix,2,64,0.9999999999998899,1.0
coh_diss_mix,2,128,0.9999999999998899,1.0
coh_diss_mix,4,1,0.9999999999998899,1.0
coh_diss_mix,4,2,0.9999999999998899,1.0
coh_diss_mix,4,8,0.9999999999998899,1.0
coh_diss_mix,4,16,0.9999999999998899,1.0
coh_diss_mix,4,32,0.9999999999998899,1.0
coh_diss_mix,4,64,0.9999999999998899,1.0
coh_diss_mix,4,128,0.9999999999998899,1.0
coh_diss_mix,8,1,0.9999999999998899,1.0
coh_diss_mix,8,2,0.9999999999998899,1.0
coh_diss_mix,8,4,0.9999999999998899,1.0
coh_diss_mix,8,16,0.9999999999998899,1.0
coh_diss_mix,8,32,0.9999999999998899,1.0
coh_diss_mix,8,64,0.9999999999998899,1.0
coh_diss_mix,8,128,0.9999999999998899,1.0
coh_diss_mix,16,1,0.9999999999998899,1.0
coh_diss_mix,16,2,0.9999999999998899,1.0
coh_diss_mix,16,4,0.9999999999998899,1.0
coh_diss_mix,16,8,0.9999999999998899,1.0
coh_diss_mix,16,32,0.9999999999998899,1.0
coh_diss_mix,16,64,0.9999999999998899,1.0
coh_diss_mix,16,128,0.9999999999998899,1.0
coh_diss_mix,32,1,0.9999999999998899,1.0
coh_diss_mix,32,2,0.9999999999998899,1.0
coh_diss_mix,32,4,0.9999999999998899,1.0
coh_diss_mix,32,8,0.9999999999998899,1.0
coh_diss_mix,32,16,0.9999999999998899,1.0
coh_diss_mix,32,64,0.9999999999998899,1.0
coh_diss_mix,32,128,0.9999999999998899,1.0
coh_diss_mix,64,1,0.9999999999998899,1.0
coh_diss_mix,64,2,0.9999999999998899,1.0
coh_diss_mix,64,4,0.9999999999998899,1.0
coh_diss_mix,64,8,0.9999999999998899,1.0
coh_diss_mix,64,16,0.9999999999998899,1.0
coh_diss_mix,64,32,0.9999999999998899,1.0
coh_diss_mix,64,128,0.9999999999998899,1.0
coh_diss_mix,128,1,0.9999999999998899,1.0
coh_diss_mix,128,2,0.9999999999998899,1.0
coh_diss_mix,128,4,0.9999999999998899,1.0
coh_diss_mix,128,8,0.9999999999998899,1.0
coh_diss_mix,128,16,0.9999999999998899,1.0
coh_diss_mix,128,32,0.9999999999998899,1.0
coh_diss_mix,128,64,0.9999999999998899,1.0
